target,segment,start_sample,end_sample,duration_sec,HR_Corrected_BPM,HR_Slope_BPM,HR_FFT_BPM,HR_Diagnosis,RR_Peak_BPM,RR_FFT_BPM,R_peak_count
Target1,0,0,7500,60.0,101.84196994524639,101.68393989049278,102.0,两方法一致: 平均=102BPM,22.187974442372116,18.0,102
Target2,0,0,7500,60.0,69.57853039019496,69.57853039019496,138.0,谐波校正: 基于生理范围选择70BPM,19.116367947174382,11.0,69
